phone name,price
"Nokia 6 (Matte Black, 64 GB)",Now ₹16999
Infinix Hot S3,"From ₹8,999"
Moto X4 (6 GB),"Now ₹24,999 "
Honor 9 Lite,13MP+2MP | 13MP+2MP Dual Cameras
"HTC U11+ (Amazing Silver, 128 GB)",Now ₹56990
"Moto Z2 Force (Super Black, 64 GB)",Now ₹34998
iVooMi i Series,18:9 Full screen Display
Samsung On Nxt (16 GB),"Now ₹10,999 "
Panasonic P99,"Now ₹5,499"
OPPO F5 Youth,"Now ₹16,990"
LG Q6,"Now ₹13,990"
"Intex Elyt E6 (Black, 32 GB)",Now ₹6999
"Smartron t.phone P (Black, 32 GB)",Now ₹7999
"Panasonic Eluga I5 (Black, 16 GB)",Now ₹6499
Infinix Hot 4 Pro,"Now ₹6,999"
Moto X4 (4 GB),"Now ₹20,999"
Lenovo K8 Plus (3GB),13 MP + 5 MP Dual Rear Camera
Panasonic Eluga Ray 700 ,"Now ₹9,999"
Intex Aqua 5.5 VR Plus,"Now ₹4,999"
iVooMi Me3,"Now ₹5,299"
"Yu Yureka Black (Chrome Black, 32 GB)",Now ₹8999
Infinix Note 4,"Now ₹8,999"
Panasonic Eluga Ray 500 ,"Now ₹8,999"
Asus Zenfone 4 Selfie ,"Now ₹9,999"
Redmi Note 4,"Now ₹10,999"
Lenovo K8 Plus ,"From ₹9,999"
Moto C Plus,"Now ₹6,999"
Moto E4 Plus,"Now ₹9,499"
"Honor 9i (Graphite Black, 64 GB)",Now ₹17999
Lenovo k5 note (4 GB),"From ₹9,999"
Samsung Galaxy On Max,13MP f/1.7 Flagship Camera
Samsung On5,"Now ₹6,990"
"OPPO F3 Plus (Gold, 64 GB)",Now ₹24990
Samsung Galaxy J3 Pro ,"Now ₹7,990"
VIVO Y66,"Now ₹12,990"
"Moto G5 Plus (Fine Gold, 32 GB)",Now ₹10999
"Lenovo Z2 Plus (Black, 64 GB)",Now ₹14499
Nokia 2,"From ₹6,690"
Nokia 8,"From ₹36,700"
"Moto C (Starry Black, 16 GB)",Now ₹5335
"Moto G5s Plus (4GB, 64 GB)","From ₹14,990"
"Micromax Canvas 5 Lite-Special Edition (Maple Wood, 16 GB)",Now ₹4929
"Lenovo K8 Note (4GB, 64GB)","Now ₹12,359"
"Micromax Canvas Spark 3 (Black, 8 GB)",Now ₹3950
Moto G5 (3 GB RAM),"From ₹9,169"
Gionee F103 Pro (3 GB RAM),"From ₹9,499"
ZTE V7 Lite,"Now ₹6,590"
"Moto G5s (Lunar Gray, 32 GB)",Now ₹12640
Samsung Guru 1200,"Now ₹1,200"
Nokia 130,Now ₹1599
Nokia 230 Dual SIM,Now ₹4050
Nokia 150,Now ₹1975
Nokia 105,Now ₹1045
Lava Arc Magic+,Now ₹899
Samsung Metro 313,"Now ₹1,990"
Samsung B351,"Now ₹2,780"
Nokia 3310 DS,Now ₹3349
Samsung Metro XL,"Now ₹3,190"
I Kall K3310,Now ₹649
Samsung Guru FM Plus,"Now ₹1,410"
OPPO F3 Plus (6 GB RAM),"Now ₹22,990"
"OPPO F5 (Black, 64 GB)",Now ₹24990
VIVO V7,"Now ₹16,990"
Honor 8 Pro,"Now ₹29,999"
"Mi Mix 2 (Black, 128 GB)",Now ₹32999
"VIVO V5 Plus (Gold, 64 GB)",Now ₹16850
"Honor 6X (Grey, 64 GB)",Now ₹13999
"Panasonic Eluga Ray Max (Gold, 32 GB)",Now ₹8999
Samsung On Max ,"Now ₹15,900"
Lenovo K6 Power 4GB,"Now ₹10,999"
VIVO V7+,16MP Rear | 24MP Front Camera
OPPO F5 (4 GB RAM),"Now ₹19,990"
Samsung J7 Max,"Now ₹16,900"
Honor 6X,12MP + 2MP | 8MP Camera
Sony Xperia XA1,"Now ₹17,990"
"Micromax Dual 5 (Champagne, 128 GB)",Now ₹24999
Infinix Zero 5 Series,"From ₹17,999"
Google Pixel 2,"From ₹49,999"
Vivo Y69,13MP | 16MP Camera
Samsung J7 Pro,"Now ₹20,900"
OPPO F1s,"Now ₹17,990"
"VIVO V5 (Crown gold, 32 GB)",Now ₹16990
"Xolo ERA 2V (Jet Black, 16 GB)",Now ₹5999
iVooMi Me3s ,"Now ₹6,499"
