 product_name , price 
"Nokia 6 (Matte Black, 64 GB)",Now ₹16999
"Nokia 6 (Matte Black, 64 GB)",Now ₹16999
"Nokia 6 (Matte Black, 64 GB)",Now ₹16999
"Nokia 6 (Matte Black, 64 GB)",Now ₹16999
"Nokia 6 (Matte Black, 64 GB)",Now ₹16999
"Nokia 6 (Matte Black, 64 GB)",Now ₹16999
"Nokia 6 (Matte Black, 64 GB)",Now ₹16999
"Nokia 6 (Matte Black, 64 GB)",Now ₹16999
"Nokia 6 (Matte Black, 64 GB)",Now ₹16999
"Nokia 6 (Matte Black, 64 GB)",Now ₹16999
"Nokia 6 (Matte Black, 64 GB)",Now ₹16999
"Nokia 6 (Matte Black, 64 GB)",Now ₹16999
"Nokia 6 (Matte Black, 64 GB)",Now ₹16999
"Nokia 6 (Matte Black, 64 GB)",Now ₹16999
"Nokia 6 (Matte Black, 64 GB)",Now ₹16999
"Nokia 6 (Matte Black, 64 GB)",Now ₹16999
"Nokia 6 (Matte Black, 64 GB)",Now ₹16999
"Nokia 6 (Matte Black, 64 GB)",Now ₹16999
"Nokia 6 (Matte Black, 64 GB)",Now ₹16999
"Nokia 6 (Matte Black, 64 GB)",Now ₹16999
"Nokia 6 (Matte Black, 64 GB)",Now ₹16999
"Nokia 6 (Matte Black, 64 GB)",Now ₹16999
"Nokia 6 (Matte Black, 64 GB)",Now ₹16999
"Nokia 6 (Matte Black, 64 GB)",Now ₹16999
"Nokia 6 (Matte Black, 64 GB)",Now ₹16999
"Nokia 6 (Matte Black, 64 GB)",Now ₹16999
"Nokia 6 (Matte Black, 64 GB)",Now ₹16999
"Nokia 6 (Matte Black, 64 GB)",Now ₹16999
"Nokia 6 (Matte Black, 64 GB)",Now ₹16999
"Nokia 6 (Matte Black, 64 GB)",Now ₹16999
"Nokia 6 (Matte Black, 64 GB)",Now ₹16999
"Nokia 6 (Matte Black, 64 GB)",Now ₹16999
"Nokia 6 (Matte Black, 64 GB)",Now ₹16999
"Nokia 6 (Matte Black, 64 GB)",Now ₹16999
"Nokia 6 (Matte Black, 64 GB)",Now ₹16999
"Nokia 6 (Matte Black, 64 GB)",Now ₹16999
"Nokia 6 (Matte Black, 64 GB)",Now ₹16999
"Nokia 6 (Matte Black, 64 GB)",Now ₹16999
"Nokia 6 (Matte Black, 64 GB)",Now ₹16999
"Nokia 6 (Matte Black, 64 GB)",Now ₹16999
"Nokia 6 (Matte Black, 64 GB)",Now ₹16999
"Nokia 6 (Matte Black, 64 GB)",Now ₹16999
"Nokia 6 (Matte Black, 64 GB)",Now ₹16999
"Nokia 6 (Matte Black, 64 GB)",Now ₹16999
"Nokia 6 (Matte Black, 64 GB)",Now ₹16999
"Nokia 6 (Matte Black, 64 GB)",Now ₹16999
"Nokia 6 (Matte Black, 64 GB)",Now ₹16999
"Nokia 6 (Matte Black, 64 GB)",Now ₹16999
"Nokia 6 (Matte Black, 64 GB)",Now ₹16999
"Nokia 6 (Matte Black, 64 GB)",Now ₹16999
"Nokia 6 (Matte Black, 64 GB)",Now ₹16999
"Nokia 6 (Matte Black, 64 GB)",Now ₹16999
"Nokia 6 (Matte Black, 64 GB)",Now ₹16999
"Nokia 6 (Matte Black, 64 GB)",Now ₹16999
"Nokia 6 (Matte Black, 64 GB)",Now ₹16999
"Nokia 6 (Matte Black, 64 GB)",Now ₹16999
"Nokia 6 (Matte Black, 64 GB)",Now ₹16999
"Nokia 6 (Matte Black, 64 GB)",Now ₹16999
"Nokia 6 (Matte Black, 64 GB)",Now ₹16999
"Nokia 6 (Matte Black, 64 GB)",Now ₹16999
"Nokia 6 (Matte Black, 64 GB)",Now ₹16999
"Nokia 6 (Matte Black, 64 GB)",Now ₹16999
"Nokia 6 (Matte Black, 64 GB)",Now ₹16999
"Nokia 6 (Matte Black, 64 GB)",Now ₹16999
"Nokia 6 (Matte Black, 64 GB)",Now ₹16999
"Nokia 6 (Matte Black, 64 GB)",Now ₹16999
"Nokia 6 (Matte Black, 64 GB)",Now ₹16999
"Nokia 6 (Matte Black, 64 GB)",Now ₹16999
"Nokia 6 (Matte Black, 64 GB)",Now ₹16999
"Nokia 6 (Matte Black, 64 GB)",Now ₹16999
"Nokia 6 (Matte Black, 64 GB)",Now ₹16999
"Nokia 6 (Matte Black, 64 GB)",Now ₹16999
"Nokia 6 (Matte Black, 64 GB)",Now ₹16999
"Nokia 6 (Matte Black, 64 GB)",Now ₹16999
"Nokia 6 (Matte Black, 64 GB)",Now ₹16999
"Nokia 6 (Matte Black, 64 GB)",Now ₹16999
"Nokia 6 (Matte Black, 64 GB)",Now ₹16999
"Nokia 6 (Matte Black, 64 GB)",Now ₹16999
"Nokia 6 (Matte Black, 64 GB)",Now ₹16999
"Nokia 6 (Matte Black, 64 GB)",Now ₹16999
"Nokia 6 (Matte Black, 64 GB)",Now ₹16999
"Nokia 6 (Matte Black, 64 GB)",Now ₹16999
"Nokia 6 (Matte Black, 64 GB)",Now ₹16999
"Nokia 6 (Matte Black, 64 GB)",Now ₹16999
